{
  "name": "ErgoDash",
  "vendorId": "0xFEED",
  "productId": "0x6060",
  "lighting": {
    "extends": "qmk_backlight_rgblight"
  },
  "matrix": {"rows": 10, "cols": 7},
  "layouts": {
    "keymap": [
      [
        "0,0",
        "0,1",
        {
          "y":-0.25
        },
        "0,2",
        {
          "y":-0.15
        },
        "0,3",
        {
          "y":0.15
        },
        "0,4",
        {
          "y":0.15
        },
        "0,5",
        {
          "y":0.5
        },
        "0,6"
      ],

      [
        {
          "y":-0.4
        },
        "1,0",
        "1,1",
        {
          "y":-0.25
        },
        "1,2",
        {
          "y":-0.15
        },
        "1,3",
        {
          "y":0.15
        },
        "1,4",
        {
          "y":0.2
        },
        "1,5",
        {
          "y":0.5
        },
        "1,6"
      ],

      [
        {
          "y":-0.45
        },
        "2,0",
        "2,1",
        {
          "y":-0.25
        },
        "2,2",
        {
          "y":-0.15
        },
        "2,3",
        {
          "y":0.15
        },
        "2,4",
        {
          "y":0.2
        },
        "2,5",
        {
          "y":0.5
        },
        "2,6"
      ],

      [
        {
          "y":-0.45
        },
        "3,0",
        "3,1",
        {
          "y":-0.25
        },
        "3,2",
        {
          "y":-0.15
        },
        "3,3",
        {
          "y":0.15
        },
        "3,4",
        {
          "y": 0.2
        },
        "3,5",
        {
          "x":0,
          "y":1
        },
        "3,6"
      ],
      [
        {
          "x":0,
          "y":-1
        },
        "4,0",
        "4,1",
        {
          "y":-0.25
        },
        "4,2",
        {
          "y":0,
          "x":0.25,
          "w":1.25
        },
        "4,3",
        {
          "x":0.5,
          "y":0.25
        },
        "4,4",
        {
          "y":1
        },
        "4,5",
        {
          "h":2,
          "y":-1
        },
        "4,6"
      ],

      [

        {
          "x": 10,
          "y": -4.5
        },
        "5,6",
        {
          "y": -0.5
        },
        "5,5",
        {
          "y": -0.15
        },
        "5,4",
        {
          "y": -0.15
        },
        "5,3",
        {
          "y": 0.25
        },
        "5,2", 
        {
          "y": 0.25
        },
        "5,1",
        "5,0"
      ],

     [
       {
         "x":10,
         "y":0.3
       },
        "6,6",
        {
          "y": -0.5
        },
        "6,5",
        {
          "y": -0.15
        },
        "6,4",
        {
          "y": -0.15
        },
        "6,3",
        {
          "y": 0.25
        },
        "6,2", 
        {
          "y": 0.25
        },
        "6,1",
        "6,0"
      ],

    [
      {
        "x": 10,
        "y": 0.3
      },
      "7,6",
      {
        "y": -0.5
      },
      "7,5",
      {
        "y": -0.15
      },
      "7,4",
      {
        "y": -0.15
      },
      "7,3",
      {
        "y": 0.25
      },
      "7,2",
      {
        "y": 0.25
      },
      "7,1",
      "7,0"
    ],


    [
      {
        "x": 10,
        "y": 0.85
      },
      "8,6",
      {
        "y": -1
      },
      "8,5",
      {
        "y": -0.15
      },
      "8,4",
      {
        "y": -0.15
      },
      "8,3",
      {
        "y": 0.25
      },
      "8,2",
      {
        "y": 0.25
      },
      "8,1",
      "8,0"
    ],

    [
      {
        "x": 9,
        "y": -0.20,
        "h": 2
      },
      "9,6",
      {
        "y": 1
      },
      "9,5",
      {
        "y": -1
      },
      "9,4",
      {
        "x": 0.5,
        "y": -0.15,
        "w": 1.25
      },
      "9,3",
      {
        "x": 0.25,
        "y": 0.10
      },
      "9,2",
      {
        "y": 0.25
      },
      "9,1",
      "9,0"
    ]


	  ]
	}
}
  